ID,name,handedness,height,weight,avg,HR
2,Denny Lemaster,Right,73,182,0.13,4
3,Joe Nolan,Left,71,175,0.263,27
4,Denny Doyle,Left,69,175,0.25,16
5,Jose Cardenal,Right,70,150,0.275,138
6,Mike Ryan,Right,74,205,0.193,28
7,Fritz Peterson,Both,72,185,0.159,2
8,Dick Bertell,Right,72,200,0.25,10
9,Rod Kanehl,Right,73,180,0.241,6
13,Juan Bonilla,Right,69,170,0.256,7
14,Frank Tepedino,Left,71,185,0.241,6
16,Rick Wise,Right,73,180,0.195,15
17,Darrell Evans,Left,74,200,0.248,414
18,Buck Martinez,Right,70,190,0.225,58
19,John Wockenfuss,Right,72,190,0.262,86
20,Tommy McCraw,Left,72,183,0.246,75
24,Lee Lacy,Right,73,175,0.286,91
25,Pete Rose,Both,71,192,0.303,160
26,Danny Walton,Right,72,195,0.223,28
27,Bobby Cox,Right,71,180,0.225,9
28,Brad Wellman,Right,72,170,0.231,6
29,Jeff Newman,Right,74,215,0.224,63
30,Pedro Gonzalez,Right,72,176,0.244,8
32,Tommie Reynolds,Right,74,190,0.226,12
33,Gene Clines,Right,69,170,0.277,5
34,Jim Hickman,Right,75,192,0.252,159
36,Jerry Buchek,Right,71,185,0.22,22
37,Ivan DeJesus,Right,71,175,0.254,21
38,Gary Nolan,Right,74,197,0.138,1
40,Fred Whitfield,Left,73,190,0.253,108
41,Larry Dierker,Right,76,215,0.136,4
42,Dave Skaggs,Right,74,200,0.241,3
43,Dick Ruthven,Right,75,190,0.183,1
46,Dave Kingman,Right,78,210,0.236,442
47,Eric Soderholm,Right,71,187,0.264,102
49,Ed Brinkman,Right,72,170,0.224,60
50,Wayne Garrett,Left,71,175,0.239,61
51,Tony Muser,Left,74,180,0.259,7
54,Ted Ford,Right,70,180,0.219,17
56,Jim Lyttle,Left,72,180,0.248,9
59,Scot Thompson,Left,75,195,0.262,5
60,Gene Locklear,Left,70,165,0.274,9
61,Bo Diaz,Right,71,185,0.255,87
62,Bump Wills,Both,69,172,0.266,36
64,Pat Putnam,Left,72,205,0.255,63
65,Kurt Bevacqua,Right,72,180,0.236,27
67,Syd O'Brien,Right,73,185,0.23,24
68,Chris Chambliss,Left,73,195,0.279,185
69,Tom Satriano,Left,73,185,0.225,21
70,Jeffrey Leonard,Right,74,200,0.266,144
71,Dal Maxvill,Right,71,157,0.217,6
73,Cesar Tovar,Right,69,155,0.278,46
76,Jack Heidemann,Right,72,175,0.211,9
77,Rich Rollins,Right,70,185,0.269,77
78,Walt Bond,Left,79,228,0.256,41
79,Merv Rettenmund,Right,70,190,0.271,66
81,Byron Browne,Right,74,190,0.236,30
82,Hector Torres,Right,72,175,0.216,18
83,Walt Williams,Right,66,165,0.27,33
84,Jerry Koosman,Right,74,205,0.119,2
85,Steve Lombardozzi,Right,72,175,0.233,20
86,Joe Azcue,Right,72,190,0.252,50
87,Elliott Maddox,Right,71,180,0.261,18
88,Omar Moreno,Left,74,180,0.252,37
89,Julian Javier,Right,73,175,0.257,78
91,Elio Chacon,Right,69,160,0.232,4
92,Rusty Torres,Both,70,175,0.212,35
93,John Stearns,Right,72,185,0.26,46
94,Larry Brown,Right,70,160,0.233,47
95,Tommy Dean,Right,72,165,0.18,4
99,Bruce Boisclair,Left,74,185,0.263,10
100,Ken Singleton,Both,76,210,0.282,246
101,Frank White,Right,71,165,0.255,160
102,Jim Fairey,Left,70,190,0.235,7
104,Tom Brookens,Right,70,165,0.246,71
105,Gary Thomasson,Left,73,180,0.249,61
109,Otto Velez,Right,72,170,0.251,78
110,Tony Scott,Both,72,164,0.249,17
111,Ray Oyler,Right,71,165,0.175,15
113,Floyd Robinson,Left,69,175,0.283,67
114,Steve Jeltz,Both,71,180,0.21,5
115,Lou Brock,Left,71,170,0.293,149
117,Joe Lovitto,Both,72,185,0.216,4
119,Wayne Comer,Right,70,175,0.229,16
120,Dave Collins,Both,71,175,0.272,32
121,Ed Spiezio,Right,71,180,0.238,39
122,Rico Petrocelli,Right,72,175,0.251,210
123,Johnny Lewis,Left,73,189,0.227,22
124,Dick Simpson,Right,76,176,0.207,15
125,Ken Boswell,Left,72,170,0.248,31
126,Ken McMullen,Right,75,190,0.248,156
128,Steve Swisher,Right,74,205,0.216,20
130,Dick Howser,Right,68,155,0.248,16
131,Manny Castillo,Both,69,160,0.242,3
132,Mike Ramsey,Both,73,170,0.24,2
133,Willie Crawford,Left,73,197,0.268,86
135,Willie Norwood,Right,72,185,0.242,18
137,Jeff Stone,Left,72,175,0.277,11
139,Joe Lahoud,Left,73,198,0.223,65
140,Tim Flannery,Left,71,175,0.255,9
141,Dave McKay,Both,73,195,0.229,21
145,Benny Ayala,Right,73,185,0.251,38
147,Greg Gross,Left,70,160,0.287,7
149,Sal Butera,Right,72,190,0.227,8
150,Jack Brohamer,Left,70,165,0.245,30
151,Von Joshua,Left,70,170,0.273,30
152,Eddie Milner,Left,71,173,0.253,42
153,Johnny Jeter,Right,73,180,0.244,18
154,Angel Salazar,Right,72,180,0.212,2
155,Tony Oliva,Left,73,175,0.304,220
156,Cito Gaston,Right,75,190,0.256,91
157,Cookie Rojas,Right,70,160,0.263,54
158,Rich Morales,Right,71,170,0.195,6
160,Dan Ford,Right,73,185,0.27,121
162,Darryl Motley,Right,69,196,0.243,44
163,Ozzie Virgil,Right,73,180,0.243,98
164,Johnny Oates,Left,71,188,0.25,14
166,Mike Phillips,Left,72,170,0.24,11
167,Ron Santo,Right,72,190,0.277,342
168,Jay Johnstone,Left,73,175,0.267,102
169,Jim Ray Hart,Right,71,185,0.278,170
170,Marc Hill,Right,75,205,0.223,34
173,Chico Salmon,Right,70,160,0.249,31
174,Joe Niekro,Right,73,185,0.156,1
175,Andy Etchebarren,Right,73,190,0.235,49
176,Ken Berry,Right,72,175,0.255,58
177,Dave Concepcion,Right,74,155,0.267,101
178,Junior Moore,Right,71,185,0.264,7
179,Mike Richardt,Right,72,170,0.226,4
180,Chris Brown,Right,72,185,0.269,38
181,Al Bumbry,Left,68,170,0.281,54
182,Al Downing,Right,71,175,0.127,2
184,Jake Gibbs,Left,72,180,0.233,25
185,Garry Hancock,Left,72,175,0.247,12
186,Ed Kranepool,Left,75,205,0.261,118
187,Rick Rhoden,Right,75,195,0.238,9
188,Denny McLain,Right,73,185,0.133,1
189,Chuck Hiller,Left,71,170,0.243,20
190,Jorge Orta,Left,70,170,0.278,130
191,Dave Cash,Right,71,170,0.283,21
192,Bucky Dent,Right,69,170,0.247,40
195,Tony Gonzalez,Left,69,170,0.286,103
197,Larry Haney,Right,74,195,0.215,12
198,Billy Conigliaro,Right,72,180,0.256,40
199,Gary Roenicke,Right,75,205,0.247,121
200,Don Lock,Right,74,195,0.238,122
201,Billy Cowan,Right,72,170,0.236,40
202,Billy Smith,Both,74,185,0.23,17
204,Tony Perez,Right,74,175,0.279,379
205,Chuck Schilling,Right,70,160,0.239,23
206,Hal McRae,Right,71,180,0.29,191
207,Dave Roberts,Right,75,215,0.239,49
209,Jim Lefebvre,Both,72,180,0.251,74
212,Charlie Spikes,Right,75,215,0.246,65
214,Steve Whitaker,Left,72,180,0.23,24
215,Manny Jimenez,Left,73,185,0.272,26
217,Duffy Dyer,Right,72,187,0.221,30
218,Ken Henderson,Both,74,180,0.257,122
221,Vern Fuller,Right,73,170,0.232,14
223,Wayne Gross,Left,74,210,0.233,121
224,Mike Champion,Right,72,185,0.229,2
226,Paul Casanova,Right,76,180,0.225,50
229,Terry Crowley,Left,72,180,0.25,42
230,Horace Clarke,Both,69,170,0.256,27
231,Lou Clinton,Right,73,185,0.247,65
232,Larry Cox,Right,70,178,0.221,12
233,Nate Colbert,Right,74,190,0.243,173
234,Phil Roof,Right,74,190,0.215,43
235,Chuck Hinton,Right,73,180,0.264,113
236,Tim Cullen,Right,73,185,0.22,9
237,Tim Harkness,Left,74,182,0.235,14
238,Rick Bosetti,Right,71,185,0.25,17
239,Ron Pruitt,Right,72,185,0.269,12
240,George Foster,Right,73,180,0.274,348
241,Jerry White,Both,70,164,0.253,21
242,Angel Mangual,Right,70,178,0.245,22
243,Ken Gerhart,Right,72,190,0.221,24
244,Mike Hershberger,Right,70,175,0.252,26
245,Jim French,Left,68,180,0.196,5
246,Dave Roberts,Left,75,195,0.194,7
247,Jim Mason,Left,74,185,0.203,12
249,Willie Smith,Left,72,182,0.248,46
251,Jose Arcia,Right,75,170,0.215,1
252,Leon Durham,Left,73,185,0.277,147
254,Paul Householder,Both,72,180,0.236,29
255,Aurelio Rodriguez,Right,70,180,0.237,124
256,Jimmy Stewart,Both,72,165,0.237,8
257,Dick Phillips,Left,72,180,0.229,12
258,Andres Thomas,Right,73,170,0.234,42
260,Mike de la Hoz,Right,71,175,0.251,25
261,Frank Taveras,Right,72,155,0.255,2
262,Joe Nossek,Right,72,178,0.228,3
263,Larry Stahl,Left,72,175,0.232,36
264,Jose Cruz,Left,72,170,0.284,165
265,Don Mason,Left,71,160,0.205,3
266,Bill Robinson,Right,74,189,0.258,166
268,Sal Bando,Right,72,195,0.254,242
269,George Mitterwald,Right,74,195,0.236,76
272,Bob Tillman,Right,76,205,0.232,79
274,Pat Corrales,Right,72,180,0.216,4
275,Mike Tyson,Right,69,170,0.241,27
276,Rafael Landestoy,Both,70,165,0.237,4
277,Duane Josephson,Right,72,190,0.258,23
278,Duane Walker,Left,72,185,0.229,24
279,Glenn Hubbard,Right,69,150,0.244,70
280,Roger Freed,Right,72,190,0.245,22
281,George Hendrick,Right,75,195,0.278,267
282,Rod Carew,Left,72,170,0.328,92
283,Bob Davis,Right,72,180,0.197,6
284,Toby Harrah,Right,72,175,0.264,195
285,Rick Manning,Left,73,180,0.257,56
288,Gary Matthews,Right,74,185,0.281,234
289,Cesar Geronimo,Left,72,165,0.258,51
290,Billy Bryan,Left,76,200,0.216,41
292,Terry Whitfield,Left,73,197,0.281,33
293,Mario Mendoza,Right,71,170,0.215,4
294,Fred Lynn,Left,73,185,0.283,306
295,Larry Hisle,Right,74,193,0.273,166
296,Graig Nettles,Left,72,180,0.248,390
298,Dave Engle,Right,75,210,0.262,31
300,Mike Easler,Left,72,190,0.293,118
303,Rick Sweet,Both,73,200,0.234,6
304,Thurman Munson,Right,71,190,0.292,113
305,Rick Monday,Left,75,193,0.264,241
306,Mike Sadek,Right,69,165,0.226,5
307,Mark Belanger,Right,73,170,0.228,20
308,Ron Hunt,Right,72,186,0.273,39
309,Joe Keough,Left,72,185,0.246,9
311,Vic Correll,Right,70,185,0.229,29
312,Jackie Hernandez,Right,71,165,0.208,12
313,Tony Solaita,Left,72,210,0.255,50
314,U L Washington,Both,71,175,0.251,27
317,Joe Foy,Right,72,215,0.248,58
318,Ed Goodson,Left,75,180,0.26,30
320,Mickey Klutts,Right,71,170,0.241,14
321,Leroy Stanton,Right,73,195,0.244,77
324,Danny Ainge,Right,76,175,0.22,2
325,Adolfo Phillips,Right,73,175,0.247,59
326,Marv Breeding,Right,72,175,0.25,7
328,Dick McAuliffe,Left,71,176,0.247,197
330,Glenn Burke,Right,72,195,0.237,2
332,Terry Humphrey,Right,75,185,0.211,6
334,Enzo Hernandez,Right,68,155,0.224,2
336,Coco Laboy,Right,70,165,0.233,28
337,Ted Kubiak,Both,72,175,0.231,13
338,Jim Morrison,Right,71,175,0.26,112
340,Bobby Knoop,Right,73,170,0.236,56
341,Bobby Brown,Both,74,190,0.245,26
342,Tom Hutton,Left,71,180,0.248,22
343,Ron Hodges,Left,73,185,0.24,19
344,Rich Chiles,Left,71,170,0.254,6
345,Tom Paciorek,Right,76,215,0.282,86
346,Gary Woods,Right,74,185,0.243,13
347,Bob Montgomery,Right,73,195,0.258,23
348,Jeff Burroughs,Right,73,200,0.261,240
349,Rusty Staub,Left,74,190,0.279,292
350,Jim Norris,Left,70,175,0.264,7
351,Oscar Gamble,Left,71,160,0.265,200
353,George Vukovich,Left,72,198,0.268,27
355,Craig Reynolds,Left,73,175,0.256,42
356,Paul Blair,Right,72,168,0.25,134
357,Al Cowens,Right,73,197,0.27,108
358,Al Oliver,Left,72,195,0.303,219
359,Dave Hilton,Right,71,191,0.213,6
360,Luis Alvarado,Right,69,162,0.214,5
361,Larry Parrish,Right,75,190,0.263,256
362,Woodie Fryman,Right,75,197,0.138,2
363,Bob Randall,Right,74,175,0.257,1
364,Jim Pankovits,Right,70,170,0.25,9
366,Carmen Fanzone,Right,72,200,0.224,20
367,Gary Allenson,Right,71,185,0.221,19
368,Milt May,Left,72,190,0.263,77
369,Mike Vail,Right,73,180,0.279,34
370,Nick Esasky,Right,75,200,0.25,122
371,Jim Nettles,Left,72,186,0.22,16
373,Chris Cannizzaro,Right,72,190,0.235,18
374,Larry Biittner,Left,74,205,0.273,29
376,Mel Stottlemyre,Right,73,178,0.16,7
379,Roy Smalley,Both,73,185,0.257,163
381,Andy Messersmith,Right,73,200,0.17,5
382,Richie Zisk,Right,73,200,0.287,207
383,Dave Chalk,Right,70,175,0.252,15
384,Don Baylor,Right,73,190,0.26,338
385,John Vukovich,Right,73,187,0.161,6
386,Danny Thompson,Right,72,183,0.248,15
387,Joe Simpson,Left,75,175,0.242,9
388,Bill Fahey,Left,72,200,0.241,7
389,Doug Camilli,Right,71,195,0.199,18
390,Bernie Allen,Left,72,175,0.239,73
391,Bruce Bochy,Right,75,205,0.239,26
393,Claudell Washington,Left,72,190,0.278,164
394,John Donaldson,Left,71,160,0.238,4
396,John Mayberry,Left,75,215,0.253,255
397,Ken Reitz,Right,72,180,0.26,68
398,Amos Otis,Right,71,165,0.277,193
399,Gene Alley,Right,70,160,0.254,55
400,Ted Sizemore,Right,70,165,0.262,23
401,Dan Briggs,Left,72,180,0.195,12
403,Doug Flynn,Right,71,165,0.238,7
405,Ken Holtzman,Right,74,175,0.163,2
406,Pete Ward,Left,73,185,0.254,98
407,Kevin Bell,Right,72,195,0.222,13
408,Tom Nieto,Right,73,193,0.205,5
409,Duke Sims,Left,74,197,0.239,100
410,Larvell Blanks,Right,68,167,0.253,20
412,Mike Davis,Left,74,175,0.259,91
413,Jerry Reuss,Left,77,200,0.167,1
414,Steve Yeager,Right,72,190,0.228,102
415,Danny Goodwin,Left,73,195,0.236,13
416,Bud Harrelson,Both,71,160,0.236,7
417,Bob Knepper,Left,75,195,0.137,6
418,Mickey Rivers,Left,70,165,0.295,61
419,Jim Northrup,Left,75,190,0.267,153
420,John Hale,Left,74,195,0.201,14
422,Pedro Garcia,Right,70,175,0.22,37
423,Carl Yastrzemski,Left,71,175,0.285,452
426,Derrel Thomas,Both,72,160,0.249,43
427,Art Howe,Right,74,190,0.26,43
428,Ike Brown,Right,72,190,0.256,20
429,Howie Goss,Right,76,204,0.216,11
430,Glenn Borgmann,Right,76,210,0.229,16
431,Lamar Johnson,Right,74,215,0.287,64
432,Julio Gonzalez,Right,71,162,0.235,4
433,Bobby Klaus,Right,70,170,0.208,6
434,Manny Sanguillen,Right,72,193,0.296,65
435,Gates Brown,Left,71,220,0.257,84
436,Johnny Ray,Both,71,170,0.29,53
437,Jesus Alou,Right,74,190,0.28,32
438,Ken Landreaux,Left,70,165,0.268,91
439,Enos Cabell,Right,76,170,0.277,60
441,Billy North,Both,71,185,0.261,20
442,Juan Beniquez,Right,71,150,0.274,79
443,Frank Fernandez,Right,72,185,0.199,39
444,Bombo Rivera,Right,70,187,0.265,10
445,Steve Brye,Right,72,190,0.258,30
446,Ron Jackson,Right,72,200,0.259,56
447,Roger Metzger,Both,72,165,0.231,5
448,Rufino Linares,Right,72,170,0.27,11
449,Ray Webster,Left,72,185,0.244,17
450,Bob Kearney,Right,72,190,0.233,27
451,Fergie Jenkins,Right,77,205,0.165,13
452,Dick Dietz,Right,73,195,0.261,66
453,Ted Cox,Right,75,195,0.245,10
454,Bobby Mitchell,Left,70,170,0.243,3
455,Bobby Mitchell,Right,75,185,0.235,21
456,Barry Evans,Right,73,180,0.251,2
457,Mickey Brantley,Right,70,180,0.259,32
458,Al Gallagher,Right,72,180,0.263,11
460,Hector Cruz,Right,71,170,0.225,39
462,Woody Woodward,Right,74,180,0.236,1
463,Ted Martinez,Right,72,165,0.24,7
464,Jim Anderson,Right,72,170,0.218,13
465,Lenn Sakata,Right,69,160,0.23,25
466,Dave Duncan,Right,74,190,0.214,109
468,Dick Billings,Right,73,195,0.227,16
470,Bruce Bochte,Left,75,195,0.282,100
471,Bernie Carbo,Left,71,173,0.264,96
472,Vic Davalillo,Left,67,150,0.279,36
473,Burt Hooton,Right,73,210,0.123,4
476,Fernando Gonzalez,Right,70,165,0.235,17
477,Jim Sundberg,Right,72,190,0.248,95
478,Andy Kosco,Right,75,205,0.236,73
479,Steve Huntz,Both,73,204,0.206,16
481,Lenny Faedo,Right,72,170,0.251,5
482,John Lowenstein,Left,72,175,0.253,116
483,Don Kessinger,Both,73,170,0.252,14
484,Joe Hague,Left,72,195,0.239,40
485,Bake McBride,Left,74,190,0.299,63
486,Dick Davis,Right,75,190,0.265,27
487,Richie Scheinblum,Both,73,180,0.263,13
488,Ed Herrmann,Left,73,195,0.24,80
491,Bob Molinaro,Left,72,190,0.264,14
492,Mike Hegan,Left,73,188,0.242,53
493,Mike Diaz,Right,74,195,0.247,31
494,Tim Foli,Right,72,179,0.251,25
495,Alan Knicely,Right,72,190,0.213,12
496,Tim Laudner,Right,75,212,0.225,77
497,Jose Morales,Right,71,187,0.287,26
500,Juan Marichal,Right,72,185,0.165,4
501,Vida Blue,Both,72,189,0.104,4
504,Stan Papi,Right,72,170,0.218,7
505,Rob Wilfong,Left,73,180,0.248,39
507,Steve Henderson,Right,74,190,0.28,68
508,Rob Picciolo,Right,74,185,0.234,17
511,Roberto Pena,Right,68,170,0.245,13
512,Bob Dernier,Right,72,160,0.255,23
513,Bill Melton,Right,74,200,0.253,160
514,Albert Hall,Both,71,155,0.251,5
515,Barbaro Garbey,Right,70,170,0.267,11
516,John Milner,Left,72,185,0.249,131
517,Rich Reese,Left,75,185,0.253,52
518,Chris Bando,Both,72,195,0.227,27
519,Bill Buckner,Left,72,185,0.289,174
520,Jack Hiatt,Right,74,190,0.251,22
521,Nelson Mathews,Right,76,195,0.223,22
523,Ron Theobald,Right,68,165,0.248,2
525,Rafael Santana,Right,73,165,0.246,13
526,Jerry Hairston,Both,70,170,0.258,30
530,Tommie Aaron,Right,75,190,0.229,13
531,Steve Dillard,Right,73,180,0.243,13
534,George Scott,Right,74,200,0.268,271
536,Ken Walters,Right,73,180,0.231,11
537,Gorman Thomas,Right,74,210,0.225,268
538,Paul Dade,Right,73,185,0.27,10
539,Darrell Porter,Left,72,193,0.247,188
541,Fred Stanley,Right,70,165,0.216,10
542,Larry Bowa,Both,70,155,0.26,15
543,Tim Corcoran,Left,71,175,0.27,12
544,Jim Spencer,Left,74,195,0.25,146
545,Pete LaCock,Left,74,200,0.257,27
546,Carl Morton,Right,72,200,0.156,7
547,Gary Gray,Right,72,187,0.24,24
548,Matty Alou,Left,69,160,0.307,31
550,Jim Dwyer,Left,70,165,0.26,77
551,Dalton Jones,Left,73,180,0.235,41
552,Rennie Stennett,Right,71,160,0.274,41
554,Jerry May,Right,74,190,0.234,15
555,Rich McKinney,Right,71,185,0.225,20
556,Clint Hurdle,Left,75,195,0.259,32
557,Mike Andrews,Right,75,195,0.258,66
558,Bobby Clark,Right,72,190,0.239,19
560,Cliff Johnson,Right,76,215,0.258,196
562,Donn Clendenon,Right,76,209,0.274,159
563,Charlie James,Right,73,195,0.255,29
564,Bob Horner,Right,73,195,0.277,218
565,Tom Veryzer,Right,73,175,0.241,14
567,George Smith,Right,70,170,0.205,9
568,Jim Essian,Right,74,195,0.244,33
569,Onix Concepcion,Right,66,160,0.239,3
570,Boots Day,Left,69,160,0.256,8
571,Brian Giles,Right,73,165,0.228,10
572,Garry Maddox,Right,75,175,0.285,117
573,Alex Trevino,Right,70,165,0.249,23
574,Jim Price,Right,72,192,0.214,18
575,Felix Millan,Right,71,172,0.279,22
576,Steve Garvey,Right,70,192,0.294,272
577,Don Mincher,Left,75,205,0.249,200
580,Tony Cloninger,Right,72,210,0.192,11
581,Jim Gosger,Left,71,185,0.226,30
582,Chuck Harrison,Right,70,185,0.238,17
583,Mike Ivie,Right,75,205,0.269,81
586,Marvell Wynne,Left,71,175,0.247,40
587,Dusty Baker,Right,74,183,0.278,242
588,Tucker Ashford,Right,73,195,0.218,6
589,Ned Yost,Right,73,190,0.212,16
590,Bob Stinson,Both,71,180,0.25,33
592,Gaylord Perry,Right,76,205,0.131,6
593,Dave Marshall,Left,73,182,0.246,16
594,Mickey Hatcher,Right,74,200,0.28,38
595,Roger Repoz,Left,75,190,0.224,82
597,John Orsino,Right,75,215,0.249,40
599,Johnny Briggs,Left,73,190,0.253,139
601,Dave Hostetler,Right,76,215,0.229,37
602,Bob Jones,Left,74,195,0.221,20
603,Keith Hernandez,Left,72,180,0.296,162
606,Willie Upshaw,Left,72,185,0.262,123
607,Dick Green,Right,70,180,0.24,80
608,Dane Iorg,Left,72,180,0.276,14
609,Richie Hebner,Left,73,195,0.276,203
610,Fran Healy,Right,77,220,0.25,20
611,Doc Edwards,Right,74,215,0.238,15
612,Sandy Alomar,Both,69,140,0.245,13
613,Joe Strain,Right,70,169,0.25,1
614,Gene Richards,Left,72,175,0.29,26
615,Buddy Bell,Right,73,180,0.279,201
616,Al Woods,Left,75,190,0.271,35
617,Rudy Law,Left,73,165,0.271,18
619,Jody Davis,Right,76,192,0.245,127
620,Mike Edwards,Right,70,154,0.25,2
623,Deron Johnson,Right,74,200,0.244,245
625,Don Wert,Right,70,162,0.242,77
626,Mike Fiore,Left,72,175,0.227,13
627,Miguel Dilone,Both,72,160,0.265,6
628,Greg Luzinski,Right,73,220,0.276,307
629,Bobby Tolan,Left,71,170,0.265,86
632,Ron Woods,Right,70,168,0.233,26
633,Tony Horton,Right,75,210,0.268,76
634,Randy Hundley,Right,71,170,0.236,82
635,Jose Tartabull,Left,71,165,0.261,2
636,Ben Oglivie,Left,74,160,0.273,235
638,Bob Johnson,Right,70,175,0.272,44
639,Don Buford,Both,67,160,0.264,93
640,Duane Kuiper,Left,72,175,0.271,1
641,Brant Alyea,Right,75,215,0.247,38
642,Jerry Narron,Left,75,205,0.211,21
643,Lou Johnson,Right,71,170,0.258,48
644,Ken Retzer,Left,72,185,0.264,14
645,Mike Brown,Right,74,195,0.265,23
647,Greg Walker,Left,75,205,0.26,113
648,Terry Harper,Right,76,195,0.253,36
649,Jerry Royster,Right,72,165,0.249,40
652,Barry Bonnell,Right,75,190,0.272,56
653,Tom Seaver,Right,73,195,0.154,12
654,Jerry Martin,Right,73,195,0.251,85
655,Bill Stein,Right,70,170,0.267,44
656,Joel Youngblood,Right,72,180,0.265,80
657,Reggie Jackson,Left,72,195,0.262,563
658,Sonny Jackson,Left,69,150,0.251,7
660,Rodney Scott,Both,72,160,0.236,3
661,Rich Coggins,Left,68,170,0.265,12
662,Phil Gagliano,Right,73,180,0.238,14
663,Jerry McNertney,Right,72,180,0.237,27
664,Mitchell Page,Left,74,205,0.266,72
665,Kiko Garcia,Right,71,180,0.239,12
666,Larry Milbourne,Both,72,161,0.254,11
667,Bill Sudakis,Both,73,190,0.234,59
669,Domingo Ramos,Right,70,154,0.24,8
670,Ron Oester,Both,74,185,0.265,42
671,Glenn Adams,Left,73,180,0.28,34
673,Joe Morgan,Left,67,160,0.271,268
674,R.J. Reynolds,Both,72,190,0.267,35
676,Lee Thomas,Left,74,195,0.255,106
677,Ray Fosse,Right,74,215,0.256,61
678,Paul Popovich,Both,72,175,0.233,14
679,John Stephenson,Left,71,180,0.216,12
680,Doug Clemens,Left,72,180,0.229,12
682,Orlando Mercado,Right,72,180,0.199,7
683,Charley Smith,Right,73,170,0.239,69
685,Buddy Biancalana,Both,71,160,0.205,6
687,Bob Uecker,Right,73,190,0.2,14
688,Felix Torres,Right,71,165,0.254,27
689,Steve Braun,Left,70,180,0.271,52
690,Ray Knight,Right,73,185,0.271,84
691,Ty Cline,Left,72,170,0.238,6
692,Thad Bosley,Left,75,175,0.272,20
693,Bobby Grich,Right,74,180,0.266,224
694,Jimmie Hall,Left,72,175,0.254,121
695,John Boccabella,Right,73,195,0.219,26
696,Brock Davis,Left,70,160,0.26,1
698,Curt Blefary,Left,74,195,0.237,112
701,Mack Jones,Left,73,180,0.252,133
702,Buddy Bradford,Right,71,170,0.226,52
703,Hosken Powell,Left,73,175,0.259,17
705,Dave Stapleton,Right,73,178,0.271,41
706,Gary Ward,Right,74,195,0.276,130
707,Jim Lonborg,Right,77,200,0.136,3
708,Joe Lis,Right,72,175,0.233,32
709,Dan Meyer,Left,71,180,0.253,86
710,Jim Holt,Left,72,180,0.265,19
712,Larry Herndon,Right,75,190,0.274,107
716,Wallace Johnson,Both,72,173,0.255,5
718,Eddie Leon,Right,72,170,0.236,24
720,Jim Wohlford,Right,71,175,0.26,21
721,J.R. Richard,Right,80,222,0.168,10
722,Bill Voss,Left,74,160,0.227,19
723,Keith Moreland,Right,72,190,0.279,121
725,Alex Johnson,Right,72,205,0.288,78
726,Wayne Krenchicki,Left,73,180,0.266,15
728,Dave Rosello,Right,71,160,0.236,10
730,Paul Schaal,Right,71,165,0.244,57
731,Tito Landrum,Right,71,175,0.249,13
732,Dave Edwards,Right,72,170,0.237,14
733,Mario Guerrero,Right,70,155,0.257,7
734,Tom Tresh,Both,73,180,0.245,153
736,Ron Roenicke,Both,72,180,0.238,17
737,Doug Griffin,Right,72,160,0.245,7
738,Steve Blass,Right,72,165,0.172,1
739,Johnnie LeMaster,Right,74,165,0.222,22
741,Nate Oliver,Right,70,160,0.226,2
742,Ray Sadecki,Left,71,180,0.191,5
743,Ken Rudolph,Right,73,180,0.213,6
744,Wayne Nordhagen,Right,74,205,0.282,39
745,Biff Pocoroba,Both,70,175,0.257,21
746,Len Matuszek,Left,74,190,0.234,30
748,Joe Lefebvre,Left,70,170,0.258,31
749,Jim Maloney,Left,74,190,0.201,7
750,Andre Robertson,Right,70,155,0.251,5
751,Jerry Zimmerman,Right,74,185,0.204,3
754,Chet Lemon,Right,72,190,0.273,215
756,Phil Mankowski,Left,72,180,0.264,8
757,Cleon Jones,Right,72,185,0.281,93
758,Joaquin Andujar,Both,72,170,0.127,5
759,Mike Lum,Left,72,180,0.247,90
760,Johnny Grubb,Left,75,175,0.278,99
761,Curt Motton,Right,68,164,0.213,25
762,Johnny Bench,Right,73,197,0.267,389
763,Dale Berra,Right,72,180,0.236,49
765,Bob Meacham,Both,73,175,0.236,8
767,Carl Warwick,Right,70,170,0.248,31
768,Sam Bowens,Right,73,188,0.223,45
769,George Wright,Both,71,180,0.245,42
770,Luis Aguayo,Right,69,173,0.236,37
771,Hal Lanier,Right,74,180,0.228,8
773,Len Randle,Both,70,169,0.257,27
774,Greg Pryor,Right,72,180,0.25,14
775,Jim Traber,Left,72,194,0.227,27
776,Dave Nelson,Right,70,160,0.244,20
777,Lynn Jones,Right,69,175,0.252,7
778,Bryan Little,Both,70,160,0.245,3
779,Ken Suarez,Right,69,175,0.227,5
780,Rick Peters,Both,69,170,0.277,2
781,Ron Stone,Left,74,185,0.241,6
783,Tommie Agee,Right,71,195,0.255,130
784,Bob Bailey,Right,73,180,0.257,189
785,Cap Peterson,Right,74,195,0.23,19
786,Ted Uhlaender,Left,74,190,0.263,36
787,Ted Simmons,Both,71,193,0.285,248
788,Bobby Murcer,Left,71,160,0.277,252
789,Dick Tracewski,Right,71,160,0.213,8
792,Bill Nahorodny,Right,74,200,0.241,25
793,Bill Madlock,Right,71,180,0.305,163
794,Bob Boone,Right,74,195,0.254,105
796,Steve Kemp,Left,72,195,0.278,130
797,Rick Burleson,Right,70,165,0.273,50
801,Carl Taylor,Right,74,200,0.266,10
802,Terry Harmon,Right,74,180,0.233,4
803,Mike Hargrove,Left,72,195,0.29,80
805,Steve Hovley,Left,70,188,0.258,8
806,Don Leppert,Right,74,220,0.229,15
814,Lee May,Right,75,195,0.267,354
816,Sam McDowell,Left,77,190,0.154,2
817,Rick Renick,Right,72,188,0.221,20
818,Jeff Torborg,Right,72,195,0.214,8
819,Dave Campbell,Right,73,180,0.213,20
820,Pat Kelly,Left,73,185,0.264,76
821,Al Weis,Both,72,160,0.219,7
822,Jerry Turner,Left,69,180,0.257,45
823,Rick Auerbach,Right,72,165,0.22,9
825,Don Wilson,Right,74,195,0.146,1
828,Sandy Valdespino,Left,68,170,0.23,7
832,Ken Phelps,Left,73,209,0.239,123
833,Cesar Cedeno,Right,74,175,0.285,199
835,Phil Linz,Right,73,180,0.235,11
836,Manny Mota,Right,70,160,0.304,31
838,Steve Renko,Right,77,230,0.215,6
839,Rick Sofield,Left,73,195,0.243,9
842,Doug DeCinces,Right,74,190,0.259,237
843,John Castino,Right,71,175,0.278,41
844,Dave May,Left,70,186,0.251,96
845,Ron Washington,Right,71,155,0.261,20
846,Billy Grabarkewitz,Right,70,165,0.236,28
847,Willie Aikens,Left,75,220,0.271,110
848,Earl Williams,Right,75,215,0.247,138
851,Don Hahn,Right,73,180,0.236,7
852,Todd Cruz,Right,72,175,0.22,34
853,Tom Egan,Right,76,218,0.2,22
854,Bob Heise,Right,72,175,0.247,1
855,Tommy Harper,Right,69,165,0.257,146
856,Joe Wallis,Both,71,180,0.244,16
857,Max Alvis,Right,71,185,0.247,111
858,Rico Carty,Right,75,200,0.299,204
859,Mike Cubbage,Left,72,180,0.258,34
861,Merritt Ranew,Left,71,170,0.247,8
862,Lyman Bostock,Left,73,180,0.311,23
863,Damaso Garcia,Right,73,165,0.283,36
866,Roy Howell,Left,73,190,0.261,80
867,Boog Powell,Left,76,230,0.266,339
869,Sonny Siebert,Right,75,190,0.173,12
871,Bobby Darwin,Right,74,190,0.251,83
873,Dan Driessen,Left,71,187,0.267,153
874,Bruce Miller,Right,73,185,0.246,1
875,Bob Bailor,Right,71,170,0.264,9
876,Tommy Helms,Right,70,165,0.269,34
877,Tony Armas,Right,71,182,0.252,251
878,Willie Horton,Right,71,209,0.273,325
879,Lou Piniella,Right,72,182,0.291,102
880,Butch Hobson,Right,73,193,0.248,98
881,John Wathan,Right,74,205,0.262,21
882,Hal King,Left,73,200,0.214,24
883,Mike Krukow,Right,77,205,0.193,5
884,Andres Mora,Right,72,180,0.223,27
885,Barry Foote,Right,75,205,0.23,57
886,Ed Ott,Left,70,190,0.259,33
887,Alan Wiggins,Both,74,160,0.259,5
888,Ron Clark,Right,70,175,0.189,5
891,Julio Gotay,Right,72,180,0.26,6
892,Gary Alexander,Right,74,195,0.23,55
893,Andre Thornton,Right,75,200,0.254,253
894,Bob Oliver,Right,75,205,0.256,94
900,Bob Robertson,Right,73,195,0.242,115
903,Ollie Brown,Right,74,178,0.265,102
905,Frank Quilici,Right,73,170,0.214,5
907,Joe Pepitone,Left,74,185,0.258,219
908,Steve Barber,Left,72,195,0.115,5
910,Norm Miller,Left,70,185,0.238,24
913,Bob Chance,Left,74,196,0.261,24
914,Julio Cruz,Both,69,165,0.237,23
915,Bill Sample,Right,69,175,0.272,46
918,Craig Kusick,Right,75,210,0.235,46
919,Rudy Meoli,Left,69,165,0.212,2
920,Ruppert Jones,Left,70,170,0.25,147
921,Glenn Hoffman,Right,73,175,0.242,23
922,Russ Gibson,Right,73,195,0.228,8
924,Terry Francona,Left,73,190,0.274,16
925,John Bateman,Right,75,210,0.23,81
926,Luis Pujols,Right,74,175,0.193,6
927,Joe Gaines,Right,73,190,0.241,21
928,Doug Rader,Right,74,208,0.251,155
929,Mickey Stanley,Right,73,185,0.248,117
932,Phil Bradley,Right,72,185,0.286,78
933,Winston Llenas,Right,70,165,0.23,3
934,Charlie Moore,Right,71,180,0.261,36
935,Ralph Garr,Left,71,185,0.306,75
936,Tommy John,Right,75,180,0.157,5
937,Bruce Benedict,Right,73,175,0.242,18
938,John Ellis,Right,74,225,0.262,69
939,Wes Parker,Both,73,180,0.267,64
941,David Green,Right,75,170,0.268,31
942,Reid Nichols,Right,71,165,0.266,22
943,Rick Reichardt,Right,75,210,0.261,116
944,Luis Tiant,Right,72,180,0.164,5
946,Broderick Perkins,Left,70,180,0.271,8
947,Leon Roberts,Right,75,200,0.267,78
948,Ray Burris,Right,77,200,0.151,1
949,Len Gabrielson,Left,76,210,0.253,37
950,Johnny Edwards,Left,76,220,0.242,81
952,Tom Grieve,Right,74,190,0.249,65
954,Bob Forsch,Right,76,200,0.213,12
956,Danny Cater,Right,72,170,0.276,66
957,Bill Schroeder,Right,74,200,0.24,61
958,Clay Dalrymple,Left,72,190,0.233,55
959,Carlos May,Left,71,200,0.274,90
960,Reggie Smith,Both,72,180,0.287,314
963,Davey Johnson,Right,73,170,0.261,136
964,Ellis Valentine,Right,76,205,0.278,123
965,Roy White,Both,70,160,0.271,160
966,Mike Brumley,Left,70,195,0.229,5
967,Al Luplow,Left,70,175,0.235,33
969,Dick Allen,Right,71,187,0.292,351
970,Doug Ault,Right,75,200,0.236,17
971,Mark Wagner,Right,72,165,0.243,3
973,Willie Stargell,Left,74,188,0.282,475
974,Steve Carlton,Left,76,210,0.201,13
975,Jake Wood,Right,73,163,0.25,35
976,Del Unser,Left,73,180,0.258,87
977,Bob Brower,Right,71,185,0.242,17
978,Ray Culp,Right,72,200,0.123,1
979,Ivan Murrell,Right,74,195,0.236,33
980,Lee Mazzilli,Both,73,180,0.259,93
981,Garth Iorg,Right,71,170,0.258,20
982,Alan Ashby,Both,74,185,0.245,90
983,Bob Brenly,Right,74,210,0.247,91
984,Ron Blomberg,Left,73,195,0.293,52
985,Jim Rooker,Right,72,195,0.201,7
986,Tim Blackwell,Both,71,170,0.228,6
988,Jerry Morales,Right,70,155,0.259,95
989,Davey Lopes,Right,69,170,0.263,155
990,Catfish Hunter,Right,72,190,0.226,6
991,Mario Soto,Right,72,174,0.132,1
992,Jimmy Wynn,Right,70,160,0.25,291
993,Hank Allen,Right,72,190,0.241,6
994,Jim Fregosi,Right,73,190,0.265,151
995,Pepe Frias,Right,70,159,0.24,1
996,Mike Schmidt,Right,74,195,0.267,548
997,Willie Montanez,Left,72,170,0.275,139
998,Rey Quinones,Right,71,160,0.243,29
999,Mike Squires,Left,71,185,0.26,6
1000,Champ Summers,Left,74,205,0.255,54
1002,Bert Campaneris,Right,70,160,0.259,79
1003,Bobby Valentine,Right,70,189,0.26,12
1004,Rob Andrews,Right,72,185,0.251,3
1005,Tom Haller,Left,76,195,0.257,134
1007,Ed Stroud,Left,71,180,0.237,14
1008,Ron Swoboda,Right,74,195,0.242,73
1009,Harry Spilman,Left,73,180,0.237,18
1010,Bob Barton,Right,72,175,0.226,9
1011,Daryl Sconiers,Left,74,185,0.265,15
1012,Joe Torre,Right,74,212,0.297,252
1013,Al Ferrara,Right,73,200,0.259,51
1015,Sixto Lezcano,Right,70,165,0.271,148
1017,Dave Nicholson,Right,74,215,0.212,61
1018,Freddie Patek,Right,65,148,0.242,41
1019,Ken Hubbs,Right,74,175,0.247,14
1020,Pepe Mangual,Right,70,157,0.242,16
1021,Leron Lee,Left,72,196,0.25,31
1023,Steve Ontiveros,Both,72,185,0.274,24
1024,Willie Davis,Left,74,180,0.279,182
1025,Tom Lawless,Right,71,170,0.207,2
1026,Jerry Moses,Right,75,210,0.251,25
1027,Bobby Bonds,Right,73,190,0.268,332
1028,Dave McNally,Right,71,185,0.133,9
1029,Darrell Brown,Both,72,184,0.274,1
1030,Roy Foster,Right,72,185,0.253,45
1031,Denis Menke,Right,72,185,0.25,101
1032,Hal Breeden,Right,74,200,0.243,21
1033,Manny Trillo,Right,73,150,0.263,61
1034,Jackie Gutierrez,Right,71,175,0.237,4
1035,Jerry Kenney,Left,73,170,0.237,7
1036,Fred Kendall,Right,73,185,0.234,31
1037,Mike Anderson,Right,74,200,0.246,28
1039,Joe Charboneau,Right,74,205,0.266,29
1040,Jimmie Schaffer,Right,69,170,0.223,11
1041,Junior Kennedy,Right,71,175,0.248,4
1042,Wilbur Howard,Both,74,170,0.25,6
1043,Rod Gilbreath,Right,74,180,0.248,14
1044,Mark Brouhard,Right,73,210,0.259,25
1046,Mike Young,Both,74,195,0.247,72
1047,Chris Speier,Right,73,175,0.246,112
1048,Gene Michael,Both,74,183,0.229,15
1049,Vic Harris,Both,71,165,0.217,13
1050,Mike Fischlin,Right,73,165,0.22,3
1051,Don Money,Right,73,170,0.261,176
1052,Joe Rudi,Right,74,200,0.264,179
1053,Jim Rice,Right,74,200,0.298,382
1056,Gil Garrido,Right,69,150,0.237,1
1057,Marty Perez,Right,71,160,0.246,22
1058,Tom Matchick,Left,73,173,0.215,4
1059,Jack Perconte,Left,70,160,0.27,2
1060,Ed Kirkpatrick,Left,71,195,0.238,85
1061,Jerry Grote,Right,70,185,0.252,39
1062,Ellie Hendricks,Left,73,175,0.22,62
1063,Jim Beauchamp,Right,74,190,0.231,14
1065,Tito Fuentes,Both,71,175,0.268,45
1066,Ron Brand,Right,67,167,0.239,3
1067,Leo Cardenas,Right,71,150,0.257,118
1068,Art Shamsky,Left,73,168,0.253,68
1070,Ron Cey,Right,70,185,0.261,316
1071,Skip Jutze,Right,71,190,0.215,3
1072,Butch Wynegar,Both,73,190,0.255,65
1073,Ron LeFlore,Right,72,200,0.288,59
1074,Bill Russell,Right,72,175,0.263,46
1075,Gene Tenace,Right,72,190,0.241,201
1076,Bubba Morton,Right,70,175,0.267,14
1077,Ellie Rodriguez,Right,71,185,0.245,16
1078,Darrel Chaney,Both,74,188,0.217,14
1079,Dick Nen,Left,74,200,0.224,21
1081,Bill Freehan,Right,75,203,0.262,200
1082,Steve Nicosia,Right,70,185,0.248,11
1083,Ted Savage,Right,73,185,0.233,34
1084,Pete Mackanin,Right,74,190,0.226,30
1085,Rich Dauer,Right,72,180,0.257,43
1087,Rowland Office,Left,72,170,0.259,32
1088,Rick Leach,Left,73,180,0.268,18
1089,Dwayne Murphy,Left,73,185,0.246,166
1090,Larry Harlow,Left,74,185,0.248,12
1091,Mike Epstein,Left,75,230,0.244,130
1092,Jerry Mumphrey,Both,74,185,0.289,70
1094,Glenn Beckert,Right,73,190,0.283,22
1095,Ron Davis,Right,72,175,0.233,10
1096,Mike Shannon,Right,75,195,0.255,68
1097,Jason Thompson,Left,76,200,0.261,208
1098,Wayne Tolleson,Both,69,160,0.241,9
1101,Mike Jorgensen,Left,72,195,0.243,95
1102,Ed Romero,Right,71,160,0.247,8
1103,Rick Joseph,Right,73,192,0.243,13
1104,Cecil Cooper,Left,74,165,0.298,241
1105,Bill Almon,Right,75,180,0.254,36
1106,Joe Ferguson,Right,74,200,0.24,122
1108,Jerry Terrell,Right,71,165,0.253,4
1110,Dave Revering,Left,76,210,0.265,62
1111,Curt Ford,Left,70,150,0.245,7
1112,Jerry Dybzinski,Right,74,180,0.234,3
1114,Bob Burda,Left,71,174,0.224,13
1115,Jesse Gonder,Left,70,180,0.251,26
1116,Gary Sutherland,Right,72,185,0.243,24
1117,Bob Coluccio,Right,71,183,0.22,26
1118,Dave Rader,Left,71,165,0.257,30
1119,Ron Gardenhire,Right,72,175,0.232,4
1120,Bill Sharp,Left,70,178,0.255,9
1121,Alan Bannister,Right,71,170,0.27,19
1122,Bob Watson,Right,72,201,0.295,184
1123,Ken Harrelson,Right,74,190,0.239,131
1124,Bobby Wine,Right,73,187,0.215,30
1126,John Kennedy,Right,72,185,0.225,32
1127,Chico Ruiz,Both,72,169,0.24,2
1129,Gail Hopkins,Left,70,198,0.266,25
1130,Doug Frobel,Left,76,196,0.201,20
1131,Luis Melendez,Right,72,165,0.248,9
1133,Bill Plummer,Right,73,190,0.188,14
1134,Buck Rodgers,Both,74,190,0.232,31
1135,Phil Niekro,Right,73,180,0.169,7
1137,Tom Poquette,Left,70,175,0.268,10
1139,Brian Asselstine,Left,73,175,0.254,12
1140,Rick Miller,Left,72,175,0.269,28
1141,Ed Charles,Right,70,170,0.263,86
1145,Floyd Rayford,Right,70,190,0.244,38
1147,Tony Conigliaro,Right,75,185,0.264,166
1149,Jim Barr,Right,75,205,0.162,1
1150,Jerry Remy,Left,69,165,0.275,7
1152,Frank Duffy,Right,73,180,0.232,26
1154,Tom O'Malley,Left,72,180,0.256,13
1155,Phil Garner,Right,70,175,0.26,109
